BEGIN;

CREATE TABLE FREIGHTCOMPANY (
freightco_id     		INTEGER PRIMARY KEY,
freightco_name			VARCHAR(45) NOT NULL,
freightco_support_areacode	INTEGER(3) NOT NULL,
freightco_support_phone		INTEGER(7) NOT NULL,
freightco_support_email		INTEGER NOT NULL,
CONSTRAINT address_id FOREIGN KEY (address_id) REFERENCES ADDRESS(address_id));


CREATE TABLE VESSEL(
vessel_id		INTEGER PRIMARY KEY,
vessel_commissioned	DATE NOT NULL,
vessel_decommissioned	DATE,
FOREIGN KEY (vtype_id) REFERENCES VESSELTYPE(vtype_id),
FOREIGN KEY (freightco_id) REFERENCES FREIGHTCOMPANY(freightco_id),
FOREIGN KEY (emp_id) REFERENCES EMPLOYEE(emp_id)
);

CREATE TABLE VESSELTYPE(
vtype_id		INTEGER PRIMARY KEY,
vtype_name		VARCHAR(45) NOT NULL,
vtype_weight_limit 	VARCHAR(45) NOT NULL
);

INSERT INTO FREIGHTCOMPANY VALUES(21225, 'Bryson, Inc.', '615', '223-3234', 'BrysonINC@gmail.com', 12345);
INSERT INTO FREIGHTCOMPANY VALUES(21226, 'ABC Logistics', '123', '456-7890', 'abclogistics@email.com', 54321);
INSERT INTO FREIGHTCOMPANY VALUES(21227, 'XYZ Shipping', '999', '555-1234', 'xyzship@xyz.com', 98765);
INSERT INTO FREIGHTCOMPANY VALUES(21228, 'Cargo Express', '777', '888-9999', 'cargo@express.com', 13579);
INSERT INTO FREIGHTCOMPANY VALUES(21229, 'Swift Transport', '615', '111-2222', 'swift@transport.com', 24680);
INSERT INTO FREIGHTCOMPANY VALUES(21230, 'FastFreight Co.', '555', '123-4567', 'fast@freight.com', 98765);
INSERT INTO FREIGHTCOMPANY VALUES(21231, 'Speedy Haulers', '888', '444-7777', 'speedy@haulers.com', 13579);
INSERT INTO FREIGHTCOMPANY VALUES(21232, 'TransGlobal Inc.', '333', '999-8888', 'trans@global.com', 54321);
INSERT INTO FREIGHTCOMPANY VALUES(21233, 'CargoMasters', '222', '777-6666', 'cargo@masters.com', 12345);
INSERT INTO FREIGHTCOMPANY VALUES(21234, 'FreightLogix', '444', '222-5555', 'freight@logix.com', 98765);
INSERT INTO FREIGHTCOMPANY VALUES(21235, 'QuickCarriers', '777', '111-3333', 'quick@carriers.com', 13579);
INSERT INTO FREIGHTCOMPANY VALUES(21236, 'Red Arrow Cargo', '555', '555-4444', 'red@arrowcargo.com', 54321);
INSERT INTO FREIGHTCOMPANY VALUES(21237, 'BlueWave Shipping', '999', '333-2222', 'blue@wave.com', 98765);
INSERT INTO FREIGHTCOMPANY VALUES(21238, 'Swift Express', '615', '222-1111', 'swift@express.com', 12345);
INSERT INTO FREIGHTCOMPANY VALUES(21239, 'Star Transport', '123', '555-6666', 'star@transport.com', 54321);
INSERT INTO FREIGHTCOMPANY VALUES(21240, 'HaulPro', '444', '444-3333', 'haul@pro.com', 98765);
INSERT INTO FREIGHTCOMPANY VALUES(21241, 'CargoRush', '333', '111-7777', 'cargo@rush.com', 13579);
INSERT INTO FREIGHTCOMPANY VALUES(21242, 'QuickLogistics', '222', '999-5555', 'quick@logistics.com', 54321);
INSERT INTO FREIGHTCOMPANY VALUES(21243, 'SpeedyHaul', '777', '555-3333', 'speedy@haul.com', 12345);
INSERT INTO FREIGHTCOMPANY VALUES(21244, 'ReliableCargo', '555', '777-2222', 'reliable@cargo.com', 98765);
INSERT INTO FREIGHTCOMPANY VALUES(21245, 'TransExpress', '123', '444-1111', 'trans@express.com', 54321);
INSERT INTO FREIGHTCOMPANY VALUES(21246, 'CargoLink', '999', '111-9999', 'cargo@link.com', 98765);
INSERT INTO FREIGHTCOMPANY VALUES(21247, 'GlobalHaulers', '444', '222-8888', 'global@haulers.com', 13579);
INSERT INTO FREIGHTCOMPANY VALUES(21248, 'FreightWave', '777', '777-6666', 'freight@wave.com', 54321);
INSERT INTO FREIGHTCOMPANY VALUES(21249, 'CargoTrackers', '555', '555-5555', 'cargo@trackers.com', 12345);
INSERT INTO FREIGHTCOMPANY VALUES(21250, 'SwiftLogix', '615', '333-4444', 'swift@logix.com', 54321);
INSERT INTO FREIGHTCOMPANY VALUES(21251, 'QuickTrans', '333', '222-7777', 'quick@trans.com', 98765);
INSERT INTO FREIGHTCOMPANY VALUES(21252, 'SpeedyCargo', '222', '999-6666', 'speedy@cargo.com', 13579);
INSERT INTO FREIGHTCOMPANY VALUES(21253, 'BlueArrow Logistics', '123', '444-5555', 'blue@arrow.com', 54321);
INSERT INTO FREIGHTCOMPANY VALUES(21254, 'CargoExpress Inc.', '444', '555-9999', 'cargo@expressinc.com', 98765);
INSERT INTO FREIGHTCOMPANY VALUES(21255, 'SwiftHaulage', '777', '222-7777', 'swifthaulage@email.com', 12345);
INSERT INTO FREIGHTCOMPANY VALUES(21256, 'QuickShip Co.', '555', '123-6666', 'quickship@company.com', 54321);
INSERT INTO FREIGHTCOMPANY VALUES(21257, 'GlobalFreightX', '999', '888-5555', 'globalfreightx@email.com', 98765);
INSERT INTO FREIGHTCOMPANY VALUES(21258, 'CargoMasters International', '444', '666-9999', 'cargomasters@email.com', 13579);
INSERT INTO FREIGHTCOMPANY VALUES(21259, 'ReliableHaulage', '333', '333-2222', 'reliablehaulage@email.com', 54321);

INSERT INTO VESSEL VALUES(12345, '2003-01-22', NULL, 015, 21225, 385);
INSERT INTO VESSEL VALUES(12346, '2005-03-10', '2005-06-12', 026, 21226, 386);
INSERT INTO VESSEL VALUES(12347, '2008-06-14', '2009-02-14', 021, 21227, 387);
INSERT INTO VESSEL VALUES(12348, '2012-10-22', '2013-10-02', 032, 21228, 388);
INSERT INTO VESSEL VALUES(12349, '2016-02-29', '2017-08-20', 012, 21229, 389);
INSERT INTO VESSEL VALUES(12350, '2019-05-14', '2020-06-08', 004, 21230, 390);
INSERT INTO VESSEL VALUES(12351, '2021-07-03', '2022-11-25', 028, 21231, 391);
INSERT INTO VESSEL VALUES(12352, '2023-09-22', '2024-04-26', 035, 21232, 392);
INSERT INTO VESSEL VALUES(12353, '2006-04-05', '2007-10-18', 008, 21233, 393);
INSERT INTO VESSEL VALUES(12354, '2010-08-03', '2011-06-05', 024, 21234, 394);
INSERT INTO VESSEL VALUES(12355, '2014-12-10', '2015-02-28', 016, 21235, 395);
INSERT INTO VESSEL VALUES(12356, '2018-04-19', '2019-12-03', 027, 21236, 396);
INSERT INTO VESSEL VALUES(12357, '2020-06-08', '2021-09-15', 020, 21237, 397);
INSERT INTO VESSEL VALUES(12358, '2004-02-15', '2005-06-12', 033, 21238, 398);
INSERT INTO VESSEL VALUES(12359, '2012-12-06', '2017-10-20', 025, 21239, 399);
INSERT INTO VESSEL VALUES(12360, '2007-05-20', '2008-12-01', 034, 21240, 400);
INSERT INTO VESSEL VALUES(12361, '2011-09-27', '2012-08-15', 036, 21241, 385);
INSERT INTO VESSEL VALUES(12362, '2015-01-05', '2016-04-10', 005, 21242, 386);
INSERT INTO VESSEL VALUES(12363, '2019-05-14', '2020-06-08', 031, 21243, 387);
INSERT INTO VESSEL VALUES(12364, '2023-09-22', 'NULL', 022, 21244, 388);
INSERT INTO VESSEL VALUES(12365, '2003-01-22', NULL, 011, 21245, 389);
INSERT INTO VESSEL VALUES(12366, '2009-07-09', '2010-04-22', 014, 21246, 390);
INSERT INTO VESSEL VALUES(12367, '2014-12-10', '2015-02-28', 013, 21247, 391);
INSERT INTO VESSEL VALUES(12368, '2020-06-08', '2021-09-15', 019, 21248, 392);
INSERT INTO VESSEL VALUES(12369, '2022-12-06', '2023-10-20', 030, 21249, 393);
INSERT INTO VESSEL VALUES(12370, '2012-06-29', '2014-12-15', 029, 21250, 394);
INSERT INTO VESSEL VALUES(12371, '2008-06-14', '2009-02-14', 003, 21251, 395);
INSERT INTO VESSEL VALUES(12372, '2016-02-29', '2017-08-20', 023, 21252, 396);
INSERT INTO VESSEL VALUES(12373, '2021-07-03', '2022-11-25', 018, 21253, 397);
INSERT INTO VESSEL VALUES(12374, '2023-02-25', 'NULL', 009, 21254, 398);
INSERT INTO VESSEL VALUES(12375, '2013-07-24', '2013-09-28', 007, 21255, 399);
INSERT INTO VESSEL VALUES(12376, '2005-03-10', '2005-06-12', 010, 21256, 400);
INSERT INTO VESSEL VALUES(12377, '2010-08-03', '2011-06-05', 002, 21257, 385);
INSERT INTO VESSEL VALUES(12378, '2015-01-05', '2016-04-10', 017, 21258, 386);
INSERT INTO VESSEL VALUES(12379, '2020-06-08', '2021-09-15', 001, 21259, 387);
INSERT INTO VESSEL VALUES(12380, '2002-12-06', '2004-10-20', 004, 21225, 388);

INSERT INTO VESSELTYPE VALUES(001, 'Ocean Explorer', 3256);
INSERT INTO VESSELTYPE VALUES(002, 'Sea Voyager', 4879);
INSERT INTO VESSELTYPE VALUES(003, 'Coastal Cruiser', 1245);
INSERT INTO VESSELTYPE VALUES(004, 'River Runner', 7893);
INSERT INTO VESSELTYPE VALUES(005, 'Island Hopper', 5642);
INSERT INTO VESSELTYPE VALUES(006, 'Lake Guardian', 3124);
INSERT INTO VESSELTYPE VALUES(007, 'Bay Seeker', 9658);
INSERT INTO VESSELTYPE VALUES(008, 'Harbor Master', 4521);
INSERT INTO VESSELTYPE VALUES(009, 'Sailfisher', 2134);
INSERT INTO VESSELTYPE VALUES(010, 'Coral Explorer', 6897);
INSERT INTO VESSELTYPE VALUES(011, 'Sunset Sailor', 8974);
INSERT INTO VESSELTYPE VALUES(012, 'Wave Rider', 4567);
INSERT INTO VESSELTYPE VALUES(013, 'Sea Serpent', 3654);
INSERT INTO VESSELTYPE VALUES(014, 'Oceanic Adventurer', 2356);
INSERT INTO VESSELTYPE VALUES(015, 'Mystic Mariner', 7412);
INSERT INTO VESSELTYPE VALUES(016, 'Aqua Voyager', 5789);
INSERT INTO VESSELTYPE VALUES(017, 'River Spirit', 1248);
INSERT INTO VESSELTYPE VALUES(018, 'Cruise King', 6321);
INSERT INTO VESSELTYPE VALUES(019, 'Island Dreamer', 7895);
INSERT INTO VESSELTYPE VALUES(020, 'Lake Explorer', 3156);
INSERT INTO VESSELTYPE VALUES(021, 'Bay Hunter', 8745);
INSERT INTO VESSELTYPE VALUES(022, 'Harbor Guardian', 4219);
INSERT INTO VESSELTYPE VALUES(023, 'Sailors Delight', 9852);
INSERT INTO VESSELTYPE VALUES(024, 'Coral Seeker', 4562);
INSERT INTO VESSELTYPE VALUES(025, 'Sunrise Sailor', 3245);
INSERT INTO VESSELTYPE VALUES(026, 'Wave Whisperer', 6987);
INSERT INTO VESSELTYPE VALUES(027, 'Sea Breeze', 2741);
INSERT INTO VESSELTYPE VALUES(028, 'Ocean Wanderer', 8365);
INSERT INTO VESSELTYPE VALUES(029, 'Mystical Mariner', 4789);
INSERT INTO VESSELTYPE VALUES(030, 'Aqua Adventurer', 1357);
INSERT INTO VESSELTYPE VALUES(031, 'River Whisper', 6974);
INSERT INTO VESSELTYPE VALUES(032, 'Cruise Queen', 8452);
INSERT INTO VESSELTYPE VALUES(033, 'Island Explorer', 2369);
INSERT INTO VESSELTYPE VALUES(034, 'Lake Dreamer', 7541);
INSERT INTO VESSELTYPE VALUES(035, 'Bay Rider', 9214);
INSERT INTO VESSELTYPE VALUES(036, 'Harbor Voyager', 5648);

COMMIT;
